pred_idx,pred_start,pred_end,gt_idx,gt_start,gt_end,iou
2,570,2309,0,604,2199,0.917241
12,9210,10169,12,9225,10342,0.834069
6,3900,5399,4,3491,5328,0.748559
3,2310,3329,2,2549,3247,0.685294
10,7380,8309,9,7647,8397,0.651277
8,5850,6659,6,5546,6524,0.605925
11,8310,9209,10,8414,8901,0.542222
9,6660,7379,7,6524,7035,0.439252
7,5400,5849,5,5328,5535,0.260536
